asaleMaterialistaDiccionarioLengua,1
AutoBruto,1
BelloProsodia,3
Bello1836,1
BelloAniversario,1
BelloEducacion,1
belloMemoriaCorrespondienteCurso,1
BelloSociedad,1
BelloYGarcMec,1
BenjaminDestructive,1
Cabrujas,1
ChartierCulture,4
Chatzis,1
ChavezPrologo,1
Cova,1
CulturalChartier,1
Derrida,1
FernandezY,1
holleyRousseauReceptionEpicurean2019,1
holleyRousseauRefinedEpicureanism2018,1
HurtadoYMuñoz,1
kinsbrunerPettyCapitalismSpanish1987,1
Kraus,1
Krauss,1
Lasarte,1
LasarteValcarcel,1
LopezPalma,1
Löwy,1
LozanoYLozano,1
Luces1834,1
Marcoy,1
MarcoyViaje,1
MarcoyVoyage,1
Mondragon,1
Obras,1
OrderChartier,1
RAE,1
RAEAuto,1
RAEautori,1
RAEBruto,1
Rama,2
Ramos,1
RevolucionesChartier,1
Rod,1
Rod1828,4
Rod1834,6
Rod1842,8
Rod1851,1
RodPartidos,1
Rodriguez,2
Rodríguez,4
Rodriguez1794,2
Rodríguez1794,1
Rodríguez1828,2
Rodriguez1834,9
Rodríguez1834,2
Rodriguez1842,3
Rodríguez1842,2
RodriguezBolivar,2
RodriguezViconco,1
RojasOlaya,1
Rotker,6
RotkerCarcajada,1
Rousseau,1
Saco,4
Sarmiento,1
sarmientoEducacionPopular1849,1
SorianoTides,5
Stanziani,1
UribeAngel,2
uribeangelLibertadorSuAyo1884,1
Velayos,1
VieiraDecolonial,1
Wade,1
ZizekSublime,1
